"from","to"
"3dueUno","eslammoustafa9"
"3dueUno","Cairo_Stadium"
"3dueUno","FootFanCarre"
"3dueUno","naijapary"
"3dueUno","Maad"
"3dueUno","alghadeertv_eng"
"3dueUno","Emmylite"
"3dueUno","NajibHaiby"
"3dueUno","ClipTrends"
"3dueUno","barbarosa69"
"3dueUno","UCLvideos"
"3dueUno","magtembah"
"3dueUno","ThePaisleyGates"
"Moumouni6","thomas_suquet"
"Moumouni6","ligue_1_france"
"Moumouni6","Fanofmannu"
"Moumouni6","MarocMbc"
"Moumouni6","FeedSportNews"
"praktoreiomaced","etyposgr"
"praktoreiomaced","ConstantinidisA"
"praktoreiomaced","Red_White_7"
"thomas_suquet","Moumouni6"
"thomas_suquet","ligue_1_france"
"thomas_suquet","Fanofmannu"
"thomas_suquet","MarocMbc"
"thomas_suquet","FeedSportNews"
"QASIOUN_NEWS","ravirose07"
"eslammoustafa9","3dueUno"
"eslammoustafa9","Cairo_Stadium"
"eslammoustafa9","FootFanCarre"
"eslammoustafa9","naijapary"
"eslammoustafa9","Maad"
"eslammoustafa9","alghadeertv_eng"
"eslammoustafa9","Emmylite"
"eslammoustafa9","NajibHaiby"
"eslammoustafa9","ClipTrends"
"eslammoustafa9","barbarosa69"
"eslammoustafa9","UCLvideos"
"eslammoustafa9","magtembah"
"eslammoustafa9","ThePaisleyGates"
"Cairo_Stadium","3dueUno"
"Cairo_Stadium","eslammoustafa9"
"Cairo_Stadium","FootFanCarre"
"Cairo_Stadium","naijapary"
"Cairo_Stadium","Maad"
"Cairo_Stadium","alghadeertv_eng"
"Cairo_Stadium","Emmylite"
"Cairo_Stadium","NajibHaiby"
"Cairo_Stadium","ClipTrends"
"Cairo_Stadium","barbarosa69"
"Cairo_Stadium","UCLvideos"
"Cairo_Stadium","magtembah"
"Cairo_Stadium","ThePaisleyGates"
"IntuTheWild","okcalciomercato"
"ligue_1_france","Moumouni6"
"ligue_1_france","thomas_suquet"
"ligue_1_france","Fanofmannu"
"ligue_1_france","MarocMbc"
"ligue_1_france","FeedSportNews"
"FootFanCarre","3dueUno"
"FootFanCarre","eslammoustafa9"
"FootFanCarre","Cairo_Stadium"
"FootFanCarre","naijapary"
"FootFanCarre","Maad"
"FootFanCarre","alghadeertv_eng"
"FootFanCarre","Emmylite"
"FootFanCarre","NajibHaiby"
"FootFanCarre","ClipTrends"
"FootFanCarre","barbarosa69"
"FootFanCarre","UCLvideos"
"FootFanCarre","magtembah"
"FootFanCarre","ThePaisleyGates"
"luismiguel_gd","Pick_TodoFutbol"
"luismiguel_gd","globedia"
"luismiguel_gd","DLCpapaupa"
"naijapary","3dueUno"
"naijapary","eslammoustafa9"
"naijapary","Cairo_Stadium"
"naijapary","FootFanCarre"
"naijapary","Maad"
"naijapary","alghadeertv_eng"
"naijapary","Emmylite"
"naijapary","NajibHaiby"
"naijapary","ClipTrends"
"naijapary","barbarosa69"
"naijapary","UCLvideos"
"naijapary","magtembah"
"naijapary","ThePaisleyGates"
"Fanofmannu","Moumouni6"
"Fanofmannu","thomas_suquet"
"Fanofmannu","ligue_1_france"
"Fanofmannu","MarocMbc"
"Fanofmannu","FeedSportNews"
"kappara_ru","ManInKek"
"fc_Basel_arb","Ua07Mostafa"
"fc_Basel_arb","T_citizens"
"Pick_TodoFutbol","luismiguel_gd"
"Pick_TodoFutbol","globedia"
"Pick_TodoFutbol","DLCpapaupa"
"Maad","3dueUno"
"Maad","eslammoustafa9"
"Maad","Cairo_Stadium"
"Maad","FootFanCarre"
"Maad","naijapary"
"Maad","alghadeertv_eng"
"Maad","Emmylite"
"Maad","NajibHaiby"
"Maad","ClipTrends"
"Maad","barbarosa69"
"Maad","UCLvideos"
"Maad","magtembah"
"Maad","ThePaisleyGates"
"alghadeertv_eng","3dueUno"
"alghadeertv_eng","eslammoustafa9"
"alghadeertv_eng","Cairo_Stadium"
"alghadeertv_eng","FootFanCarre"
"alghadeertv_eng","naijapary"
"alghadeertv_eng","Maad"
"alghadeertv_eng","Emmylite"
"alghadeertv_eng","NajibHaiby"
"alghadeertv_eng","ClipTrends"
"alghadeertv_eng","barbarosa69"
"alghadeertv_eng","UCLvideos"
"alghadeertv_eng","magtembah"
"alghadeertv_eng","ThePaisleyGates"
"Ua07Mostafa","fc_Basel_arb"
"Ua07Mostafa","T_citizens"
"Emmylite","3dueUno"
"Emmylite","eslammoustafa9"
"Emmylite","Cairo_Stadium"
"Emmylite","FootFanCarre"
"Emmylite","naijapary"
"Emmylite","Maad"
"Emmylite","alghadeertv_eng"
"Emmylite","NajibHaiby"
"Emmylite","ClipTrends"
"Emmylite","barbarosa69"
"Emmylite","UCLvideos"
"Emmylite","magtembah"
"Emmylite","ThePaisleyGates"
"NajibHaiby","3dueUno"
"NajibHaiby","eslammoustafa9"
"NajibHaiby","Cairo_Stadium"
"NajibHaiby","FootFanCarre"
"NajibHaiby","naijapary"
"NajibHaiby","Maad"
"NajibHaiby","alghadeertv_eng"
"NajibHaiby","Emmylite"
"NajibHaiby","ClipTrends"
"NajibHaiby","barbarosa69"
"NajibHaiby","UCLvideos"
"NajibHaiby","magtembah"
"NajibHaiby","ThePaisleyGates"
"okcalciomercato","IntuTheWild"
"etyposgr","praktoreiomaced"
"etyposgr","ConstantinidisA"
"etyposgr","Red_White_7"
"ClipTrends","3dueUno"
"ClipTrends","eslammoustafa9"
"ClipTrends","Cairo_Stadium"
"ClipTrends","FootFanCarre"
"ClipTrends","naijapary"
"ClipTrends","Maad"
"ClipTrends","alghadeertv_eng"
"ClipTrends","Emmylite"
"ClipTrends","NajibHaiby"
"ClipTrends","barbarosa69"
"ClipTrends","UCLvideos"
"ClipTrends","magtembah"
"ClipTrends","ThePaisleyGates"
"ConstantinidisA","praktoreiomaced"
"ConstantinidisA","etyposgr"
"ConstantinidisA","Red_White_7"
"barbarosa69","3dueUno"
"barbarosa69","eslammoustafa9"
"barbarosa69","Cairo_Stadium"
"barbarosa69","FootFanCarre"
"barbarosa69","naijapary"
"barbarosa69","Maad"
"barbarosa69","alghadeertv_eng"
"barbarosa69","Emmylite"
"barbarosa69","NajibHaiby"
"barbarosa69","ClipTrends"
"barbarosa69","UCLvideos"
"barbarosa69","magtembah"
"barbarosa69","ThePaisleyGates"
"Red_White_7","praktoreiomaced"
"Red_White_7","etyposgr"
"Red_White_7","ConstantinidisA"
"MarocMbc","Moumouni6"
"MarocMbc","thomas_suquet"
"MarocMbc","ligue_1_france"
"MarocMbc","Fanofmannu"
"MarocMbc","FeedSportNews"
"UCLvideos","3dueUno"
"UCLvideos","eslammoustafa9"
"UCLvideos","Cairo_Stadium"
"UCLvideos","FootFanCarre"
"UCLvideos","naijapary"
"UCLvideos","Maad"
"UCLvideos","alghadeertv_eng"
"UCLvideos","Emmylite"
"UCLvideos","NajibHaiby"
"UCLvideos","ClipTrends"
"UCLvideos","barbarosa69"
"UCLvideos","magtembah"
"UCLvideos","ThePaisleyGates"
"ravirose07","QASIOUN_NEWS"
"globedia","luismiguel_gd"
"globedia","Pick_TodoFutbol"
"globedia","DLCpapaupa"
"FeedSportNews","Moumouni6"
"FeedSportNews","thomas_suquet"
"FeedSportNews","ligue_1_france"
"FeedSportNews","Fanofmannu"
"FeedSportNews","MarocMbc"
"ManInKek","kappara_ru"
"magtembah","3dueUno"
"magtembah","eslammoustafa9"
"magtembah","Cairo_Stadium"
"magtembah","FootFanCarre"
"magtembah","naijapary"
"magtembah","Maad"
"magtembah","alghadeertv_eng"
"magtembah","Emmylite"
"magtembah","NajibHaiby"
"magtembah","ClipTrends"
"magtembah","barbarosa69"
"magtembah","UCLvideos"
"magtembah","ThePaisleyGates"
"ThePaisleyGates","3dueUno"
"ThePaisleyGates","eslammoustafa9"
"ThePaisleyGates","Cairo_Stadium"
"ThePaisleyGates","FootFanCarre"
"ThePaisleyGates","naijapary"
"ThePaisleyGates","Maad"
"ThePaisleyGates","alghadeertv_eng"
"ThePaisleyGates","Emmylite"
"ThePaisleyGates","NajibHaiby"
"ThePaisleyGates","ClipTrends"
"ThePaisleyGates","barbarosa69"
"ThePaisleyGates","UCLvideos"
"ThePaisleyGates","magtembah"
"DLCpapaupa","luismiguel_gd"
"DLCpapaupa","Pick_TodoFutbol"
"DLCpapaupa","globedia"
"T_citizens","fc_Basel_arb"
"T_citizens","Ua07Mostafa"
